logorado@example.yokohama,Monaco,Williams,Gianna,alxndrustinov,flexrs@example.sarl,465,849,340,Military,Singapura,crocodile,Seychelles
langate@example.qpon,Chile,Hayes,Delpha,mds,sprayaga@test.help,828,148,935,Marketing & Advertising,British Shorthair,rabbit,Guam
marakasina@test.adult,Namibia,Blake,Mohamed,gonzalorobaina,ssiskind@test.so,181,405,77,Religious Institutions,Highlander,sloth,Tunisia
happypeter1983@example.racing,Sweden,Berry,Ebonie,namankreative,souuf@example.gdn,46,278,861,Hospitality,Asian,horse,Djibouti
antonyzotov@example.fm,Vanuatu,Hunt,Francina,rmlewisuk,simobenso@example.pm,958,841,495,Machinery,Arabian Mau,ibex,Christmas Island
victorDubugras@example.al,Jordan,Barber,Elden,krasnoukhov,unterdreht@test.guardian,588,846,13,Food Production,Burmese,mole,Tuvalu
haligaliharun@test.kpn,Netherlands Antilles,Taylor,Gaynelle,marakasina,uberschizo@example.frogans,459,514,946,Packaging & Containers,British Shorthair,beaver,Moldova
gcmorley@example.christmas,Wallis and Futuna,Owens,Garret,shadeed9,flame_kaizar@test.cisco,834,4,991,Computer Games,Suphalak,koala,Niue
tjrus@test.glass,Sweden,Reyes,Janise,vc27,bungiwan@example.wales,281,369,960,Publishing,Sokoke,dingo,United States of America
yigitpinarbasi@example.xn--hxt814e,Gambia,Moore,Jude,_victa,amanruzaini@test.cw,172,680,139,Recreational,Ragdoll,badger,Kyrgyz Republic
